,folds,test_auc,test_acc
0,0,0.617151228307415,0.33333333333333337
1,1,0.6073933481438554,0.3076923076923077
2,2,0.6252995911008081,0.3076923076923077
3,3,0.54816896873692,0.3846153846153846
4,4,0.5948422357448727,0.28205128205128205
5,5,0.6356030458160276,0.3076923076923077
6,6,0.6355277053350076,0.28205128205128205
7,7,0.5497718857658006,0.3589743589743589
8,8,0.5579418204063235,0.3076923076923077
9,9,0.6381209955246467,0.2564102564102564
