,folds,test_auc,test_acc
0,0,0.8485526851159664,0.56
1,1,0.9046750961275887,0.72
2,2,0.893522714160983,0.7
3,3,0.8964149840233622,0.6
4,4,0.8996514900444514,0.72
5,5,0.8311015453212326,0.6599999999999999
6,6,0.8774311595653973,0.6
7,7,0.8787211191457882,0.64
8,8,0.8307997821188433,0.6799999999999999
9,9,0.9127371632662793,0.6599999999999999
