,folds,test_auc,test_acc
0,0,0.787037037037037,0.6666666666666667
1,1,1.0,0.8095238095238095
2,2,0.8518518518518519,0.7142857142857143
3,3,0.787037037037037,0.7142857142857143
4,4,0.8518518518518519,0.8571428571428572
5,5,0.8333333333333333,0.8095238095238095
6,6,0.9074074074074074,0.7619047619047619
7,7,1.0,0.9523809523809523
8,8,0.8425925925925926,0.8571428571428572
9,9,0.8518518518518519,0.7619047619047619
