{"mean_val_acc": [0.8131868131868132], "val_mAP": [1.7221630144307873], "val_mF1Score": [1.6263736263736261]}