,folds,test_auc,test_acc
0,0,0.8431265547310701,0.6
1,1,0.925167260034021,0.76
2,2,0.8918639540184673,0.62
3,3,0.9233000209351893,0.72
4,4,0.8752532568302316,0.7
5,5,0.8782039973655816,0.6599999999999999
6,6,0.9015583885421432,0.7
7,7,0.8781769432234796,0.6799999999999999
8,8,0.8876685113950147,0.6799999999999999
9,9,0.8960417851774644,0.76
