,folds,test_auc,test_acc
0,0,0.8404409209601447,0.6799999999999999
1,1,0.8626360928588825,0.74
2,2,0.8119238756133884,0.6
3,3,0.8632476627998124,0.62
4,4,0.8827776030378356,0.6799999999999999
5,5,0.7877696031866701,0.6
6,6,0.9236186990861803,0.76
7,7,0.866924204930972,0.64
8,8,0.82606023459937,0.6799999999999999
9,9,0.8662684199803637,0.6599999999999999
