,folds,test_auc,test_acc
0,0,0.8483256942651604,0.6
1,1,0.9016054071808768,0.7
2,2,0.9035421138076967,0.6599999999999999
3,3,0.9108176075786301,0.64
4,4,0.886504884668736,0.7
5,5,0.8467254735307327,0.6
6,6,0.8800463230393483,0.7
7,7,0.8596157183038166,0.6599999999999999
8,8,0.884093093895622,0.6799999999999999
9,9,0.9196131593717782,0.74
